{
  "timestamp": "2025-12-14T00:26:09.047112",
  "total_generations": 170,
  "global_champion": {
    "universe": 100000,
    "regime": "BULL",
    "id": "g97228",
    "stop_loss_pct": -4.574831779871932,
    "take_profit_pct": 7.039007290500596,
    "rsi_buy_level": 23.46883666865873,
    "rsi_sell_level": 77.47005595198408,
    "position_size_factor": 0.6970105798601065,
    "fitness": 100,
    "generation": 1
  },
  "ensemble_params": {
    "stop_loss_pct": -2.9972812787219696,
    "take_profit_pct": 11.236635489462927,
    "rsi_buy_level": 25.587603431987972,
    "rsi_sell_level": 74.16234687275242,
    "position_size_factor": 0.5225668712162415
  },
  "regime_champions": {
    "BULL": {
      "universe": 100000,
      "regime": "BULL",
      "id": "g97228",
      "stop_loss_pct": -4.574831779871932,
      "take_profit_pct": 7.039007290500596,
      "rsi_buy_level": 23.46883666865873,
      "rsi_sell_level": 77.47005595198408,
      "position_size_factor": 0.6970105798601065,
      "fitness": 100,
      "generation": 1
    },
    "BEAR": {
      "universe": 100001,
      "regime": "BEAR",
      "id": "g87690",
      "stop_loss_pct": -2.704141630551772,
      "take_profit_pct": 14.753090151701846,
      "rsi_buy_level": 36.26900273305995,
      "rsi_sell_level": 80.0749350774116,
      "position_size_factor": 0.20479779828629585,
      "fitness": 100,
      "generation": 1
    },
    "NEUTRAL": {
      "universe": 100002,
      "regime": "NEUTRAL",
      "id": "g26907",
      "stop_loss_pct": -0.7465246207641316,
      "take_profit_pct": 10.717984944912093,
      "rsi_buy_level": 23.339882736891752,
      "rsi_sell_level": 64.12561003582725,
      "position_size_factor": 0.16445073346378908,
      "fitness": 100,
      "generation": 1
    },
    "CRASH": {
      "universe": 100003,
      "regime": "CRASH",
      "id": "g45983",
      "stop_loss_pct": -2.300363688581948,
      "take_profit_pct": 10.422824754280338,
      "rsi_buy_level": 27.36532480919426,
      "rsi_sell_level": 62.3313035029839,
      "position_size_factor": 0.8948583200497342,
      "fitness": 100,
      "generation": 1
    },
    "EUPHORIA": {
      "universe": 100004,
      "regime": "EUPHORIA",
      "id": "g62693",
      "stop_loss_pct": -3.852493196652001,
      "take_profit_pct": 7.967694055221125,
      "rsi_buy_level": 12.581332860377216,
      "rsi_sell_level": 82.3458071849522,
      "position_size_factor": 0.959181116143272,
      "fitness": 100,
      "generation": 1
    },
    "SIDEWAYS": {
      "universe": 100005,
      "regime": "SIDEWAYS",
      "id": "g65931",
      "stop_loss_pct": -3.805332755910035,
      "take_profit_pct": 16.519211740161566,
      "rsi_buy_level": 30.50124078374593,
      "rsi_sell_level": 78.62636948335546,
      "position_size_factor": 0.21510267949425113,
      "fitness": 100,
      "generation": 1
    }
  }
}