{
  "timestamp": "2025-12-14T00:35:47.949372",
  "params": {
    "stop_loss_pct": -2.9972812787219696,
    "take_profit_pct": 11.236635489462927,
    "rsi_buy_level": 25.587603431987972,
    "rsi_sell_level": 74.16234687275242,
    "position_size_factor": 0.5225668712162415
  },
  "generation": 190,
  "source": "QUANTUM_MULTIVERSE",
  "champion_id": "g97228",
  "champion_fitness": 100
}