{
  "timestamp": "2025-12-18T18:40:03.494605",
  "params": {
    "stop_loss_pct": -2.2017459343383985,
    "take_profit_pct": 11.67022389214224,
    "rsi_buy_level": 26.697588756131566,
    "rsi_sell_level": 67.51948276130462,
    "position_size_factor": 0.45705856314184556
  },
  "generation": 230,
  "source": "QUANTUM_MULTIVERSE",
  "champion_id": "g34785",
  "champion_fitness": 100
}