{
  "timestamp": "2025-12-17T03:30:10.168010",
  "generation": 228,
  "total_genomes": 5196,
  "alive_genomes": 4797,
  "pareto_front_size": 4,
  "max_lineage_depth": 110,
  "avg_f_stab": 0.05542690955000661,
  "avg_f_energy": 0.08048069638430419,
  "noise_robustness": 0.8065457577652699,
  "suggested_dd_tolerance": 0.42261830310610804,
  "regime_stability": 0.9445730904499934,
  "pareto_front": [
    {
      "genome_id": "c2439432",
      "f_stab": 0.021974402316221057,
      "f_energy": 0.04820791207695201,
      "lineage_depth": 10
    },
    {
      "genome_id": "cbd2a48f",
      "f_stab": 0.005561383905055441,
      "f_energy": 0.10467062451720545,
      "lineage_depth": 82
    },
    {
      "genome_id": "b331be06",
      "f_stab": 0.026803330789613163,
      "f_energy": 0.047280648476410864,
      "lineage_depth": 57
    },
    {
      "genome_id": "3c955831",
      "f_stab": 0.0062954475714683605,
      "f_energy": 0.04827952535397135,
      "lineage_depth": 71
    }
  ]
}