{
  "timestamp": "2025-12-11T04:03:59.836012",
  "total_generations": 30,
  "global_champion": {
    "universe": 100000,
    "regime": "BULL",
    "id": "g41382",
    "stop_loss_pct": -2.3562802527442357,
    "take_profit_pct": 2.858378965402415,
    "rsi_buy_level": 25.814558233174584,
    "rsi_sell_level": 62.577456278847805,
    "position_size_factor": 0.8302484256702789,
    "fitness": 100,
    "generation": 1
  },
  "ensemble_params": {
    "stop_loss_pct": -2.6044379004490694,
    "take_profit_pct": 11.8918039568471,
    "rsi_buy_level": 27.26723461189368,
    "rsi_sell_level": 76.2311790394475,
    "position_size_factor": 0.9247313054946743
  },
  "regime_champions": {
    "BULL": {
      "universe": 100000,
      "regime": "BULL",
      "id": "g41382",
      "stop_loss_pct": -2.3562802527442357,
      "take_profit_pct": 2.858378965402415,
      "rsi_buy_level": 25.814558233174584,
      "rsi_sell_level": 62.577456278847805,
      "position_size_factor": 0.8302484256702789,
      "fitness": 100,
      "generation": 1
    },
    "BEAR": {
      "universe": 100001,
      "regime": "BEAR",
      "id": "g60802",
      "stop_loss_pct": -2.661047895425794,
      "take_profit_pct": 12.50230467376914,
      "rsi_buy_level": 33.22134530282656,
      "rsi_sell_level": 76.86728029516084,
      "position_size_factor": 0.9165996260065585,
      "fitness": 100,
      "generation": 1
    },
    "NEUTRAL": {
      "universe": 100002,
      "regime": "NEUTRAL",
      "id": "g21736",
      "stop_loss_pct": -3.8132124210881253,
      "take_profit_pct": 6.940250997593816,
      "rsi_buy_level": 19.153977429934773,
      "rsi_sell_level": 84.61758799566532,
      "position_size_factor": 0.9430051607925707,
      "fitness": 100,
      "generation": 1
    },
    "CRASH": {
      "universe": 100003,
      "regime": "CRASH",
      "id": "g43073",
      "stop_loss_pct": -1.4628479187838175,
      "take_profit_pct": 14.083312033789916,
      "rsi_buy_level": 36.60590474580688,
      "rsi_sell_level": 82.93188916853704,
      "position_size_factor": 0.9816056994805082,
      "fitness": 100,
      "generation": 1
    },
    "EUPHORIA": {
      "universe": 100004,
      "regime": "EUPHORIA",
      "id": "g94800",
      "stop_loss_pct": -4.987213874440605,
      "take_profit_pct": 17.348146961441685,
      "rsi_buy_level": 24.603673685893398,
      "rsi_sell_level": 84.510398288289,
      "position_size_factor": 0.9880115443236562,
      "fitness": 100,
      "generation": 1
    },
    "SIDEWAYS": {
      "universe": 100005,
      "regime": "SIDEWAYS",
      "id": "g27184",
      "stop_loss_pct": -0.346025040211841,
      "take_profit_pct": 17.618430109085637,
      "rsi_buy_level": 24.20394827372587,
      "rsi_sell_level": 65.88246221018497,
      "position_size_factor": 0.8889173766944731,
      "fitness": 100,
      "generation": 1
    }
  }
}