{
  "timestamp": "2025-12-12T09:43:11.316470",
  "total_generations": 690,
  "global_champion": {
    "universe": 100000,
    "regime": "BULL",
    "id": "g36950",
    "stop_loss_pct": -4.3087906714947115,
    "take_profit_pct": 5.693005748988041,
    "rsi_buy_level": 29.729170114650103,
    "rsi_sell_level": 76.17120596364843,
    "position_size_factor": 0.4397429188393076,
    "fitness": 100,
    "generation": 1
  },
  "ensemble_params": {
    "stop_loss_pct": -2.897279900663312,
    "take_profit_pct": 11.787037132075362,
    "rsi_buy_level": 30.895980432608145,
    "rsi_sell_level": 82.8628396229292,
    "position_size_factor": 0.5370896523903385
  },
  "regime_champions": {
    "BULL": {
      "universe": 100000,
      "regime": "BULL",
      "id": "g36950",
      "stop_loss_pct": -4.3087906714947115,
      "take_profit_pct": 5.693005748988041,
      "rsi_buy_level": 29.729170114650103,
      "rsi_sell_level": 76.17120596364843,
      "position_size_factor": 0.4397429188393076,
      "fitness": 100,
      "generation": 1
    },
    "BEAR": {
      "universe": 100001,
      "regime": "BEAR",
      "id": "g98015",
      "stop_loss_pct": -4.0054217216755,
      "take_profit_pct": 14.801923727738687,
      "rsi_buy_level": 32.76200186598775,
      "rsi_sell_level": 86.2165879473325,
      "position_size_factor": 0.24353285477588466,
      "fitness": 100,
      "generation": 1
    },
    "NEUTRAL": {
      "universe": 100002,
      "regime": "NEUTRAL",
      "id": "g57207",
      "stop_loss_pct": -3.3160361569888863,
      "take_profit_pct": 13.486974392675478,
      "rsi_buy_level": 39.358167334716086,
      "rsi_sell_level": 88.70230484814189,
      "position_size_factor": 0.8261872249395441,
      "fitness": 100,
      "generation": 1
    },
    "CRASH": {
      "universe": 100003,
      "regime": "CRASH",
      "id": "g60930",
      "stop_loss_pct": -1.5951692439353606,
      "take_profit_pct": 8.517480380952701,
      "rsi_buy_level": 35.90372547504124,
      "rsi_sell_level": 84.04653049021354,
      "position_size_factor": 0.7538673192699695,
      "fitness": 100,
      "generation": 1
    },
    "EUPHORIA": {
      "universe": 100004,
      "regime": "EUPHORIA",
      "id": "g32942",
      "stop_loss_pct": -1.2346611309008906,
      "take_profit_pct": 19.026408779015973,
      "rsi_buy_level": 30.690241308730027,
      "rsi_sell_level": 76.86349456322822,
      "position_size_factor": 0.11936610293032235,
      "fitness": 100,
      "generation": 1
    },
    "SIDEWAYS": {
      "universe": 100005,
      "regime": "SIDEWAYS",
      "id": "g13902",
      "stop_loss_pct": -2.9236004789845227,
      "take_profit_pct": 9.196429763081287,
      "rsi_buy_level": 16.932576496523655,
      "rsi_sell_level": 85.17691392501058,
      "position_size_factor": 0.8398414935870024,
      "fitness": 100,
      "generation": 1
    }
  }
}