{
  "timestamp": "2025-12-13T22:20:26.067247",
  "total_generations": 10,
  "global_champion": {
    "universe": 100000,
    "regime": "BULL",
    "id": "g87445",
    "stop_loss_pct": -0.17833105762497325,
    "take_profit_pct": 12.544655666329447,
    "rsi_buy_level": 34.93980187561051,
    "rsi_sell_level": 73.90087655497558,
    "position_size_factor": 0.37462551369791053,
    "fitness": 100,
    "generation": 1
  },
  "ensemble_params": {
    "stop_loss_pct": -2.295868776585695,
    "take_profit_pct": 11.8486693538742,
    "rsi_buy_level": 30.103211030684545,
    "rsi_sell_level": 69.86995831057385,
    "position_size_factor": 0.40200045068048823
  },
  "regime_champions": {
    "BULL": {
      "universe": 100000,
      "regime": "BULL",
      "id": "g87445",
      "stop_loss_pct": -0.17833105762497325,
      "take_profit_pct": 12.544655666329447,
      "rsi_buy_level": 34.93980187561051,
      "rsi_sell_level": 73.90087655497558,
      "position_size_factor": 0.37462551369791053,
      "fitness": 100,
      "generation": 1
    },
    "BEAR": {
      "universe": 100001,
      "regime": "BEAR",
      "id": "g60749",
      "stop_loss_pct": -2.1095973100697822,
      "take_profit_pct": 17.167072867040787,
      "rsi_buy_level": 36.39578499771116,
      "rsi_sell_level": 70.56252828049418,
      "position_size_factor": 0.7842628026502286,
      "fitness": 100,
      "generation": 1
    },
    "NEUTRAL": {
      "universe": 100002,
      "regime": "NEUTRAL",
      "id": "g18530",
      "stop_loss_pct": -1.7618593130355875,
      "take_profit_pct": 10.07829498932484,
      "rsi_buy_level": 24.287653505725842,
      "rsi_sell_level": 61.821326948688444,
      "position_size_factor": 0.18461809079030897,
      "fitness": 100,
      "generation": 1
    },
    "CRASH": {
      "universe": 100003,
      "regime": "CRASH",
      "id": "g63720",
      "stop_loss_pct": -1.1718341140187256,
      "take_profit_pct": 12.65801382674006,
      "rsi_buy_level": 19.810480408313857,
      "rsi_sell_level": 66.01505661611972,
      "position_size_factor": 0.11661721158291334,
      "fitness": 100,
      "generation": 1
    },
    "EUPHORIA": {
      "universe": 100004,
      "regime": "EUPHORIA",
      "id": "g16224",
      "stop_loss_pct": -3.6054825682902383,
      "take_profit_pct": 12.419282395099264,
      "rsi_buy_level": 28.719568072647665,
      "rsi_sell_level": 82.26408676429682,
      "position_size_factor": 0.4305907291083504,
      "fitness": 100,
      "generation": 1
    },
    "SIDEWAYS": {
      "universe": 100005,
      "regime": "SIDEWAYS",
      "id": "g48042",
      "stop_loss_pct": -4.948108296474863,
      "take_profit_pct": 6.2246963787108065,
      "rsi_buy_level": 36.46597732409822,
      "rsi_sell_level": 64.65587469886836,
      "position_size_factor": 0.5212883562532176,
      "fitness": 100,
      "generation": 1
    }
  }
}